text,sentiment
News for Barrick Gold Corp Google Finance,1
Why Barrick Gold Corp Remains a Great Investment The Motley Fool Canada hours ago Investing in the gold market is not without risk Perhaps this is because the multi year tumble in gold prices from is still fresh in many investors minds or maybe it s because the rally in the first half of last year was nearly erased by a drop Barrick Gold Corporation ABX Ex Dividend Date Scheduled for February Nasdaq Forward Earnings Estimate of Barrick Gold Corporation ABX Highland Mirror,1
Barrick Gold Corp earnings beat expectations on lower production costs boosts Financial Post Feb TORONTO Barrick Gold Corp raised its dividend Wednesday after fourth quarter earnings beat analysts expectations as it lowered its cost of producing gold closer to its US target Billionaire Soros Dumps Barrick Gold Corp Good Move or Big Mistake The Motley Fool Canada,1
Gold Investors Is it Time to Own Barrick Gold Corp The Motley Fool Canada Feb Barrick plans to lower debt by an additional US billion by the end of with half of the payments targeted for Barrick Goldcorp end on a high note Canadian Mining Journal Barrick Gold Corp ABX Price Target Raised to C Sports Perspectives,0
Barrick Gold Corp production falls due to mine sales costs also down Financial Post Jan Barrick Gold Corp s annual gold production in fell by nearly per cent and copper production was down about per cent compared to the year before largely due to the company s decision to sell off some non core mines the company announced nbsp Is Barrick Gold Corp or Goldcorp Inc a Better Contrarian Pick Today The Motley Fool Canada Company Update NYSE ABX Barrick Gold Corporation USA Achieves Smarter Analyst,0
Ex Dividend Reminder Newell Brands Westlake Chemical Corp and Barrick Gold Corp Nasdaq Feb Looking at the universe of stocks we cover at Dividend Channel on Newell Brands Inc Symbol NWL Westlake Chemical Corp Symbol WLK and Barrick Gold Corp Symbol ABX will all trade ex dividend for their respective upcoming dividends,1
Barrick Gold Corp Should You Buy This Stock Right Now The Motley Fool Canada Feb Gold is catching a tailwind and investors who have been on the sidelines are wondering which stocks are the most attractive in the sector Barrick Gold What To Do Now Seeking Alpha CIBC World Markets Inc Has Stake in Barrick Gold Corporation ABX Sports Perspectives,1
Allied Nevada Shareholders Question Barrick Gold s Involvement In Bankruptcy Seeking Alpha Feb In a filing with the United States Court of Appeals an Ad Hoc Committee of shareholders in Allied Nevada Gold Corp NYSEMKT ANV OTCPK ANVGQ OTC HYCT OTC HYCTW allege Allied Nevada misrepresented the value of the Hycroft mine and nbsp,0
The close TSX edges up on Barrick Gold materials shares The Globe and Mail Feb Canada s main stock index edged up on Thursday to notch a fresh record high as Barrick Gold Corp jumped on the company s better than expected profits though a drop in shares of Sun Life helped keep overall gains in check Dow Jones Industrial Average Turns Lower After Tapping New High Schaeffers Research blog,0
BRIEF Barrick Gold Corp files for mixed shelf of up to bln Reuters Feb Recasts throughout Adds analyst quote details on mutual funds and ETFs table byline By Trevor Hunnicutt NEW YORK Feb Investors boosted their bets on U S,1
Barrick subsidiary Acacia attempts to repair relationship with Tanzania The Globe and Mail Feb Acacia Mining a subsidiary of Toronto based Barrick Gold Corp has faced a growing barrage of verbal attacks from political leaders and media commentators in Tanzania where it owns three gold mines,1
